オレンジ,さが錦
ゴールド,さが錦
ピンク,さが錦
ゴールド,さが錦
グリーン,さが錦
パープル,さが錦
オレンジ,さが錦
シルバー,さが錦
レッド,さが錦
ブルー,さが錦
イエロー,さが錦
ブラック,さが錦
グレー,さが錦
ピンク,さが錦
ホワイト,さが錦
グレー,さが錦
ブラック,さが錦
オレンジ,さが錦
ゴールド,さが錦
グリーン,さが錦
ピンク,さが錦
ホワイト,さが錦
パープル,さが錦
シルバー,さが錦
レッド,さが錦
イエロー,さが錦
ブルー,さが錦
パープル,さが錦
シルバー,さが錦
イエロー,さが錦
グレー,さが錦
オレンジ,さが錦
ブルー,さが錦
ピンク,さが錦
レッド,さが錦
ホワイト,さが錦
グリーン,さが錦
ブラック,さが錦
ゴールド,さが錦
ブラック,さが錦
レッド,さが錦
ブルー,さが錦
シルバー,さが錦
ピンク,さが錦
ホワイト,さが錦
グリーン,さが錦
ゴールド,さが錦
グレー,さが錦
イエロー,さが錦
パープル,さが錦
オレンジ,さが錦
イエロー,さが錦
グリーン,さが錦
ゴールド,さが錦
ブラック,さが錦
ブルー,さが錦
パープル,さが錦
グレー,さが錦
ピンク,さが錦
オレンジ,さが錦
ホワイト,さが錦
シルバー,さが錦
レッド,さが錦
パープル,さが錦
ホワイト,さが錦
ブラック,さが錦
ピンク,さが錦
グリーン,さが錦
レッド,さが錦
ゴールド,さが錦
シルバー,さが錦
ブルー,さが錦
イエロー,さが錦
グレー,さが錦
オレンジ,さが錦
シルバー,さが錦
グレー,さが錦
ブルー,さが錦
オレンジ,さが錦
イエロー,さが錦
ブラック,さが錦
ホワイト,さが錦
ゴールド,さが錦
グリーン,さが錦
レッド,さが錦
ピンク,さが錦
パープル,さが錦
ゴールド,さが錦
ブルー,さが錦
ホワイト,さが錦
イエロー,さが錦
オレンジ,さが錦
グレー,さが錦
レッド,さが錦
ブラック,さが錦
シルバー,さが錦
グリーン,さが錦
パープル,さが錦
ピンク,さが錦
グレー,さが錦
オレンジ,さが錦
パープル,さが錦
ゴールド,さが錦
ブルー,さが錦
グリーン,さが錦
ピンク,さが錦
イエロー,さが錦
ホワイト,さが錦
ブラック,さが錦
シルバー,さが錦
レッド,さが錦
ブルー,さが錦
グリーン,さが錦
オレンジ,さが錦
シルバー,さが錦
グレー,さが錦
ピンク,さが錦（抹茶）
ゴールド,さが錦（抹茶）
レッド,さが錦（抹茶）
ブラック,さが錦（抹茶）
パープル,さが錦（抹茶）
イエロー,さが錦（抹茶）
ホワイト,さが錦（抹茶）
イエロー,さが錦（抹茶）
レッド,さが錦（抹茶）
グリーン,さが錦（抹茶）
ブラック,さが錦（抹茶）
パープル,さが錦（抹茶）
ブルー,さが錦（抹茶）
グレー,さが錦（抹茶）
シルバー,さが錦（抹茶）
ピンク,さが錦（抹茶）
ゴールド,さが錦（抹茶）
ホワイト,さが錦（抹茶）
オレンジ,さが錦（抹茶）
ブラック,さが錦（抹茶）
ゴールド,さが錦（抹茶）
ピンク,さが錦（抹茶）
オレンジ,さが錦（抹茶）
レッド,さが錦（抹茶）
シルバー,さが錦（抹茶）
パープル,さが錦（抹茶）
グリーン,さが錦（抹茶）
ホワイト,さが錦（抹茶）
グレー,さが錦（抹茶）
ブルー,さが錦（抹茶）
イエロー,さが錦（抹茶）
ピンク,さが錦（抹茶）
イエロー,さが錦（抹茶）
グレー,さが錦（抹茶）
ブラック,さが錦（抹茶）
ゴールド,さが錦（抹茶）
オレンジ,さが錦（抹茶）
シルバー,さが錦（抹茶）
ホワイト,さが錦（抹茶）
レッド,さが錦（抹茶）
ブルー,さが錦（抹茶）
グリーン,さが錦（抹茶）
パープル,さが錦（抹茶）
グレー,さが錦（抹茶）
ブラック,さが錦（抹茶）
オレンジ,さが錦（抹茶）
シルバー,さが錦（抹茶）
ブルー,さが錦（抹茶）
レッド,さが錦（抹茶）
グリーン,さが錦（抹茶）
ピンク,さが錦（抹茶）
ゴールド,さが錦（抹茶）
パープル,さが錦（抹茶）
イエロー,さが錦（抹茶）
ホワイト,さが錦（抹茶）
ホワイト,さが錦（抹茶）
ブルー,さが錦（抹茶）
ブラック,さが錦（抹茶）
レッド,さが錦（抹茶）
グリーン,さが錦（抹茶）
イエロー,さが錦（抹茶）
オレンジ,さが錦（抹茶）
パープル,さが錦（抹茶）
ピンク,さが錦（抹茶）
シルバー,さが錦（抹茶）
ゴールド,さが錦（抹茶）
グレー,さが錦（抹茶）
オレンジ,さが錦（抹茶）
パープル,さが錦（抹茶）
レッド,さが錦（抹茶）
ピンク,さが錦（抹茶）
シルバー,さが錦（抹茶）
ホワイト,さが錦（抹茶）
ゴールド,さが錦（抹茶）
ブルー,さが錦（抹茶）
イエロー,さが錦（抹茶）
グリーン,さが錦（抹茶）
グレー,さが錦（抹茶）
ブラック,さが錦（抹茶）
イエロー,さが錦（抹茶）
レッド,さが錦（抹茶）
グリーン,さが錦（抹茶）
ブルー,さが錦（抹茶）
ホワイト,さが錦（抹茶）
ピンク,小城羊羹
グレー,小城羊羹
ゴールド,小城羊羹
ブラック,小城羊羹
オレンジ,小城羊羹
パープル,小城羊羹
シルバー,小城羊羹
ブルー,小城羊羹
ゴールド,小城羊羹
イエロー,小城羊羹
ホワイト,小城羊羹
グレー,小城羊羹
グリーン,小城羊羹
シルバー,小城羊羹
オレンジ,小城羊羹
パープル,小城羊羹
ピンク,小城羊羹
ブラック,小城羊羹
レッド,小城羊羹
ゴールド,小城羊羹
ピンク,小城羊羹
ホワイト,小城羊羹
パープル,小城羊羹
オレンジ,小城羊羹
グレー,小城羊羹
ブラック,小城羊羹
レッド,小城羊羹
シルバー,小城羊羹
ブルー,小城羊羹
イエロー,小城羊羹
グリーン,小城羊羹
パープル,小城羊羹
ピンク,小城羊羹
ブルー,小城羊羹
グリーン,小城羊羹
ゴールド,小城羊羹
ホワイト,小城羊羹
レッド,小城羊羹
オレンジ,小城羊羹
イエロー,小城羊羹
ブラック,小城羊羹
グレー,小城羊羹
シルバー,小城羊羹
シルバー,小城羊羹
オレンジ,小城羊羹
グリーン,小城羊羹
イエロー,小城羊羹
ホワイト,小城羊羹
グレー,小城羊羹
ブラック,小城羊羹
パープル,小城羊羹
レッド,小城羊羹
ブルー,小城羊羹
ピンク,小城羊羹
ゴールド,小城羊羹
ゴールド,小城羊羹
イエロー,小城羊羹
シルバー,小城羊羹
オレンジ,小城羊羹
レッド,小城羊羹
ブルー,小城羊羹
グレー,小城羊羹
ピンク,小城羊羹
グリーン,小城羊羹
ホワイト,小城羊羹
パープル,小城羊羹
ブラック,小城羊羹
グレー,小城羊羹
ゴールド,小城羊羹
ホワイト,小城羊羹
ブルー,小城羊羹
ピンク,小城羊羹
オレンジ,小城羊羹
グリーン,小城羊羹
レッド,小城羊羹
ブラック,小城羊羹
パープル,小城羊羹
シルバー,小城羊羹
イエロー,小城羊羹
ブルー,小城羊羹
シルバー,小城羊羹
ブラック,小城羊羹
グレー,小城羊羹
ホワイト,小城羊羹
グリーン,小城羊羹
ピンク,小城羊羹
ゴールド,小城羊羹
パープル,小城羊羹
オレンジ,小城羊羹
イエロー,小城羊羹
レッド,小城羊羹
イエロー,小城羊羹
ブラック,小城羊羹
ピンク,小城羊羹
パープル,小城羊羹
グレー,小城羊羹
レッド,小城羊羹
ブルー,小城羊羹
シルバー,小城羊羹
ゴールド,小城羊羹
グリーン,小城羊羹
ホワイト,小城羊羹
オレンジ,小城羊羹
ブラック,小城羊羹
オレンジ,小城羊羹
ホワイト,小城羊羹
レッド,小城羊羹
パープル,小城羊羹
ゴールド,小城羊羹
シルバー,小城羊羹
イエロー,小城羊羹
グレー,小城羊羹
ピンク,小城羊羹
ブルー,花ぼうろ
グリーン,花ぼうろ
ピンク,花ぼうろ
ゴールド,花ぼうろ
レッド,花ぼうろ
ブラック,花ぼうろ
シルバー,花ぼうろ
イエロー,花ぼうろ
オレンジ,花ぼうろ
パープル,花ぼうろ
ブルー,花ぼうろ
グレー,花ぼうろ
グリーン,花ぼうろ
ホワイト,花ぼうろ
グレー,花ぼうろ
シルバー,花ぼうろ
ゴールド,花ぼうろ
ブルー,花ぼうろ
グリーン,花ぼうろ
ブラック,花ぼうろ
レッド,花ぼうろ
パープル,花ぼうろ
ホワイト,花ぼうろ
オレンジ,花ぼうろ
イエロー,花ぼうろ
ピンク,花ぼうろ
ホワイト,花ぼうろ
レッド,花ぼうろ
ピンク,花ぼうろ
グリーン,花ぼうろ
オレンジ,花ぼうろ
ブルー,花ぼうろ
イエロー,花ぼうろ
グレー,花ぼうろ
シルバー,花ぼうろ
ブラック,花ぼうろ
ゴールド,花ぼうろ
パープル,花ぼうろ
オレンジ,花ぼうろ
ピンク,花ぼうろ
イエロー,花ぼうろ
シルバー,花ぼうろ
ゴールド,花ぼうろ
パープル,花ぼうろ
ホワイト,花ぼうろ
ブラック,花ぼうろ
グリーン,花ぼうろ
レッド,花ぼうろ
グレー,花ぼうろ
ブルー,花ぼうろ
イエロー,花ぼうろ
ブルー,花ぼうろ
ブラック,花ぼうろ
ホワイト,花ぼうろ
レッド,花ぼうろ
グレー,花ぼうろ
ピンク,花ぼうろ
シルバー,花ぼうろ
オレンジ,花ぼうろ
グリーン,花ぼうろ
パープル,花ぼうろ
ゴールド,花ぼうろ
ブルー,花ぼうろ
ホワイト,花ぼうろ
パープル,花ぼうろ
グレー,花ぼうろ
シルバー,花ぼうろ
ゴールド,花ぼうろ
グリーン,花ぼうろ
レッド,花ぼうろ
ピンク,花ぼうろ
イエロー,花ぼうろ
ブラック,花ぼうろ
オレンジ,花ぼうろ
ゴールド,花ぼうろ
パープル,花ぼうろ
シルバー,花ぼうろ
オレンジ,花ぼうろ
ブラック,花ぼうろ
ピンク,花ぼうろ
グレー,花ぼうろ
グリーン,花ぼうろ
ブルー,花ぼうろ
ホワイト,花ぼうろ
イエロー,花ぼうろ
レッド,花ぼうろ
ブラック,花ぼうろ
オレンジ,花ぼうろ
ピンク,花ぼうろ
レッド,花ぼうろ
グリーン,花ぼうろ
ホワイト,花ぼうろ
ブルー,花ぼうろ
イエロー,花ぼうろ
ゴールド,花ぼうろ
パープル,花ぼうろ
グレー,花ぼうろ
シルバー,花ぼうろ
イエロー,花ぼうろ
ピンク,花ぼうろ
オレンジ,花ぼうろ
シルバー,丸ぼうろ
レッド,丸ぼうろ
ゴールド,丸ぼうろ
ホワイト,丸ぼうろ
グレー,丸ぼうろ
パープル,丸ぼうろ
ブラック,丸ぼうろ
ブルー,丸ぼうろ
グリーン,丸ぼうろ
ピンク,丸ぼうろ
ホワイト,丸ぼうろ
イエロー,丸ぼうろ
グレー,丸ぼうろ
オレンジ,丸ぼうろ
ブルー,丸ぼうろ
シルバー,丸ぼうろ
グリーン,丸ぼうろ
レッド,丸ぼうろ
ゴールド,丸ぼうろ
パープル,丸ぼうろ
ブラック,丸ぼうろ
レッド,丸ぼうろ
パープル,丸ぼうろ
ゴールド,丸ぼうろ
ホワイト,丸ぼうろ
ブルー,丸ぼうろ
グリーン,丸ぼうろ
オレンジ,丸ぼうろ
ブラック,丸ぼうろ
ピンク,丸ぼうろ
グレー,丸ぼうろ
シルバー,丸ぼうろ
イエロー,丸ぼうろ
グレー,丸ぼうろ
ブラック,丸ぼうろ
レッド,炭酸飲料
イエロー,ババロア
グリーン,バイク
パープル,映画館の前売り券
ブルー,リゾット
シルバー,ビジネス書
オレンジ,ブラウンシュガー
ホワイト,ペットフード
ゴールド,山菜料理
ピンク,封筒
シルバー,和風ドレッシング
グリーン,ビニール袋
ブラック,卒業アルバム
ブルー,ボストンバッグ
パープル,バニラアイス
レッド,本棚
ピンク,ティースプーン
ゴールド,ネームプレート
グレー,らっきょう
イエロー,豆乳
ホワイト,ビーフカレー
オレンジ,ロングブーツ
グリーン,カーディガン
ホワイト,レポート用紙
パープル,シャープペンの芯
グレー,新作のコスメ
オレンジ,貯金箱
ピンク,デニムのスカート
シルバー,ヘアアイロン
ブルー,テニスラケット
ブラック,電子レンジ
ゴールド,メッセージカード
イエロー,アップルジュース
レッド,リュックサック
ブルー,健康サンダル
グレー,チョコワッフル
ゴールド,シーザーサラダ
オレンジ,ハイヒール
ブラック,のり巻き
イエロー,カップラーメン
レッド,肉まん
パープル,パイプ椅子
シルバー,手帳
ピンク,ブレスレット
グリーン,目玉焼き
ホワイト,バナナ
パープル,グァバジュース
オレンジ,トースト
イエロー,マスカラ
レッド,お香
ブルー,サンドウィッチ
ブラック,ワンピース
ゴールド,ガムテープ
ホワイト,七味唐辛子
グリーン,アイスキャンディー
グレー,トマト
シルバー,カスタードクリーム
ピンク,紙ナプキン
レッド,ヘアピン
イエロー,マグカップ
ホワイト,抱き枕
グリーン,料理のレシピ本
グレー,ポスター
ゴールド,芳香剤
パープル,クリアファイル
シルバー,洋画のDVD
ピンク,キッチンタイマー
ブルー,オニオンスープ
ブラック,爪切り
オレンジ,知恵の輪
ブラック,クラシック音楽のCD
レッド,ホットミルク
ピンク,パールのアクセサリー
ホワイト,ショルダーバッグ
シルバー,ミシン
パープル,イヤリング
イエロー,ホワイトチョコレート
グリーン,圧力鍋
ゴールド,カセットコンロ
オレンジ,マウスパッド
グレー,玄米
ブルー,スニーカー
ピンク,ロングスカート
グリーン,ペンケース
ブルー,有名人の本
シルバー,アップルパイ
ホワイト,風景画
グレー,古着屋で買ったもの
ブラック,マドラー
オレンジ,握り寿司
レッド,中華風サラダ
イエロー,土鍋
パープル,星型のアクセサリー
ゴールド,キャベツ
パープル,炊飯器
ブルー,マーマレード
オレンジ,記念切手
ブラック,マッサージクリーム
イエロー,マフラー
ゴールド,バスローブ
グリーン,万年筆
レッド,ブラウス
ホワイト,腕時計
シルバー,ティラミス
ピンク,カーテン
グレー,野菜ジュース
ゴールド,名刺ケース
オレンジ,紙コップ
シルバー,地域の名産品
ホワイト,親子丼
グレー,香水
グリーン,ドライフルーツ
ピンク,炭酸飲料
パープル,掃除機
ブラック,写真集
ブルー,玄関マット
イエロー,熱帯魚
レッド,旅行のパンフレット
パープル,カレンダー
ピンク,バニラアイス
イエロー,ココナッツ
オレンジ,マスク
ブラック,マニキュア
シルバー,カフェラテ
ブルー,手巻き寿司
ゴールド,海辺の写真
レッド,小銭入れ
グリーン,さくらんぼ
ホワイト,ピアノ
グレー,ぞうきん
ゴールド,グリーンピース
グリーン,ティッシュペーパー
ブルー,キッシュ
ホワイト,幕の内弁当
オレンジ,ホットミルク
ブラック,テニスボール
イエロー,ボストンバッグ
グレー,メイクポーチ
シルバー,ロングスカート
レッド,明太子パスタ
パープル,クリームシチュー
ピンク,どら焼き
グリーン,フルーツパフェ
オレンジ,革のベルト
ホワイト,コットン
ゴールド,はちみつ
イエロー,納豆パスタ
グレー,中華風スープ
レッド,ビニールテープ
ブルー,豆乳
パープル,DVDプレイヤー
ピンク,旅行のガイドブック
シルバー,こしょう
ブラック,冷蔵庫
グレー,ゴム手袋
ホワイト,写真週刊誌
ピンク,折りたたみ傘
シルバー,せっけん
ブルー,花瓶
レッド,コルクボード
パープル,歯磨き粉
オレンジ,マスタード
イエロー,毛布
ブラック,フライドチキン
ゴールド,ポークカレー
グリーン,豚汁
ブルー,日記帳
シルバー,ハムサンド
グレー,オムライス
ピンク,蛍光灯
ゴールド,サプリメント
ホワイト,コーヒーカップ
ブラック,ちりとり
イエロー,恋愛小説
オレンジ,パーカー
パープル,キッチンタイマー
グリーン,クリップ
レッド,口紅
シルバー,二つ折りの財布
ゴールド,ストロベリータルト
オレンジ,ピンキーリング
パープル,ガーリックトースト
グレー,ドライヤー
ブラック,爪切り
ホワイト,ピクルス
レッド,栄養ドリンク
ピンク,カルボナーラ
グリーン,ヘルスメーター
イエロー,ランニングシューズ
ブルー,ロッカーのカギ
ゴールド,紙袋
イエロー,邦画のDVD
レッド,タンス
グレー,カツ丼
ブラック,赤いペン
ピンク,シーザーサラダ
グリーン,ロールキャベツ
オレンジ,耳あて
パープル,デスクランプ
ブルー,ダイエットフード
シルバー,靴ひも
ホワイト,掃除グッズ
ピンク,プーアル茶
ホワイト,フレンチトースト
ゴールド,チキンドリア
イエロー,イヤリング
グリーン,麻婆豆腐
レッド,スプーン
パープル,地球儀
グレー,コンパス
ブルー,ミントガム
オレンジ,アイロン
ブラック,コーンサラダ
シルバー,ホットドッグ
ホワイト,スプリングコート
ゴールド,カツサンド
ブラック,ランチボックス
ブルー,納豆巻き
パープル,インスタントコーヒー
グリーン,チェック柄のスカート
シルバー,ティラミス
イエロー,カラーボックス
グレー,スケジュール帳
ピンク,ウェットティッシュ
レッド,野菜スティック
オレンジ,エナメルの靴
オレンジ,マグカップ
グリーン,万歩計
グレー,スクランブルエッグ
レッド,カチューシャ
ブルー,デニッシュ
ホワイト,ケチャップ
ブラック,イヤフォン
パープル,メロンパン
ゴールド,新しいシーツ
シルバー,保湿クリーム
ピンク,ロシアンティー
イエロー,きれいな色のグラス
ブラック,スマートフォン
ピンク,スリッパ
ホワイト,生クリーム
グリーン,アロマオイル
レッド,ランプスタンド
グレー,バナナ
イエロー,レースの小物
オレンジ,新しいノート
シルバー,キムチ鍋
ブルー,フライドポテト
パープル,ヘアブラシ
ゴールド,カニクリームコロッケ
レッド,きつねうどん
グレー,ストロベリージャム
グリーン,ハンバーガー
ホワイト,新しいスマホケース
イエロー,コイン
パープル,ソーイングセット
ピンク,洗顔料
ゴールド,焼き鳥
ブルー,手鏡
ブラック,スウェット
オレンジ,シャワーカーテン
シルバー,壁かけ時計
ブルー,ロールケーキ
レッド,ゴミ袋
パープル,はんこ
ゴールド,ペットフード
ピンク,メッセージカード
イエロー,大きな鏡
オレンジ,革靴
シルバー,ヨーグルト
ブラック,リゾット
グレー,デスクトップパソコン
グリーン,湯豆腐
ホワイト,料理のレシピ本
オレンジ,チョコワッフル
ブラック,ビーフシチュー
レッド,好きな週刊誌
グレー,フレンチドレッシング
シルバー,古いノート
ブルー,ババロア
グリーン,テレビのリモコン
イエロー,カーディガン
ゴールド,キムチ
ホワイト,春野菜のスープ
ピンク,靴べら
パープル,腕時計
イエロー,和風ドレッシング
ホワイト,ピーナッツバター
パープル,キャミソール
ゴールド,商品券
ブルー,ファンデーション
シルバー,段ボール
ブラック,フローラル系の香水
レッド,シーフードピザ
グリーン,預金通帳
ピンク,レターセット
オレンジ,ワイングラス
グレー,ストロー
ブルー,白米
パープル,スーパーのチラシ
ゴールド,ロコモコ
グレー,レモンスカッシュ
ブラック,ウールの小物
イエロー,大根おろし
オレンジ,タイツ
シルバー,アーモンド
レッド,ソファーベッド
グリーン,エッセイ集
ホワイト,ネイルシール
ピンク,ナポリタン
ホワイト,Tシャツ
シルバー,チョコレートクッキー
グリーン,緑茶
ブルー,グルメ情報誌
グレー,クラッカー
レッド,リモコン
イエロー,充電器
パープル,封筒
ピンク,ハイソックス
オレンジ,地球儀
ゴールド,革の財布
ブラック,白いシャツ
ピンク,キーホルダー
ゴールド,大型テレビ
グレー,クッション
オレンジ,ホットカフェオレ
レッド,デニムスカート
パープル,ウインナー
ブルー,朝刊
イエロー,サボテン
ブラック,アイスティー
ホワイト,リップクリーム
シルバー,海老のてんぷら
グリーン,エコバッグ
グレー,ハンガー
グリーン,マウスパッド
ブルー,白米
イエロー,地図帳
ホワイト,ピアノの楽譜
ブラック,ハイヒール
ゴールド,みたらしだんご
オレンジ,電卓
パープル,友達からもらったもの
シルバー,明るい色のカットソー
ピンク,クロワッサン
レッド,風船
オレンジ,化粧ポーチ
イエロー,名刺ケース
シルバー,手鏡
レッド,オリーブオイル
ブラック,レモン
ホワイト,カップケーキ
グレー,加湿器
ピンク,ノートパソコン
グリーン,クーポン券
ゴールド,チーズケーキ
パープル,しおり
ブルー,スニーカー
レッド,クッション
シルバー,ボールペン
ゴールド,電子レンジ
ブラック,ハンドバッグ
ピンク,家計簿
グリーン,アイドルのポスター
オレンジ,ジャズのCD
パープル,化粧水
ブルー,デジタルカメラ
イエロー,ヘアピン
グレー,炭酸飲料
ホワイト,ホットココア
ゴールド,メンバーズカード
ブラック,写真立て
ピンク,砂時計
グレー,メンチカツ
レッド,長靴
パープル,お気に入りのハンカチ
グリーン,自転車のカギ
ブルー,納豆
オレンジ,ハンドタオル
ホワイト,ヘッドフォン
イエロー,折りたたみの傘
シルバー,レシート
ブラック,フランスパン
レッド,だてめがね
ホワイト,貝殻
イエロー,ドレッシング
グリーン,貯金箱
シルバー,トースター
パープル,ブーツ
グレー,電気ケトル
ピンク,ガラスの食器
ゴールド,流行のスウィーツ
ブルー,ガムシロップ
オレンジ,詩集
グレー,鉛筆削り
ピンク,ガラス細工の小物
オレンジ,少女マンガ
パープル,モンブランケーキ
ホワイト,花柄のシャツ
ブラック,オムレツ
ブルー,テディーベア
ゴールド,こしょう
シルバー,抱き枕
グリーン,チキンカレー
レッド,古い時計
イエロー,ヘアワックス
ホワイト,フォーク
パープル,パジャマ
ブラック,柑橘系の香水
オレンジ,チーズバーガー
グレー,エクレア
イエロー,クリアファイル
レッド,幼い頃の写真
シルバー,ベストセラー小説
ブルー,マグカップ
ピンク,ミルクティー
グリーン,マッサージチェアー
ゴールド,家族からもらったもの
グリーン,ほうじ茶
オレンジ,生け花
レッド,マウス
ゴールド,リサイクル用品
パープル,はし置き
ピンク,木製の置物
イエロー,領収書
ブルー,コンディショナー
ブラック,コピー機
グレー,ミントの葉っぱ
ホワイト,ポークソテー
シルバー,ショートケーキ
パープル,ココナッツ
グリーン,茶碗蒸し
ブルー,お気に入りのバッグ
シルバー,サングラス
イエロー,口紅
オレンジ,読書カバー
ピンク,カスタードプリン
ブラック,ストール
グレー,カーペット
レッド,バスタオル
ゴールド,ジャスミンティー
ホワイト,ビニールシート
レッド,ネックレス
ピンク,オレンジジュース
オレンジ,ビーフカレー
イエロー,ショートブーツ
ブルー,タンブラー
グリーン,芳香剤
シルバー,入浴剤
ゴールド,ブルーレイプレイヤー
ホワイト,抹茶アイス
ブラック,白いハンカチ
グレー,キャベツ
パープル,絵ハガキ
ブラック,スケジュール帳
レッド,ソックス
シルバー,けんちん汁
イエロー,マシュマロ
グリーン,みたらし団子
オレンジ,コーヒータンブラー
ゴールド,スマホの充電器
ブルー,フォトフレーム
ホワイト,健康サンダル
パープル,腕時計
グレー,せんべい
ピンク,ピアノ
ゴールド,ホワイトチョコレート
グレー,豆大福
レッド,デジタル時計
グリーン,カップラーメン
ピンク,ドライフルーツ
シルバー,豚の生姜焼き
パープル,恋愛小説
ブラック,観光雑誌
オレンジ,アロマオイル
ホワイト,ヘアアイロン
ブルー,ソーイングセット
イエロー,朝刊
レッド,修正テープ
ホワイト,革のベルト
イエロー,携帯電話
ブラック,ガラス食器
グレー,ハイソックス
ブルー,ブランド物の家具
グリーン,ファッション誌
ピンク,ストール
パープル,ちゃぶ台
ゴールド,味噌ラーメン
オレンジ,家族の写真
シルバー,デニムパンツ
グリーン,名刺
ブラック,ハイヒール
オレンジ,スニーカー
パープル,柑橘系の香水
ブルー,ハンドタオル
ホワイト,DVDプレーヤー
シルバー,ベッドカバー
グレー,湯のみ
レッド,厚手の靴下
ピンク,ブランド物の財布
イエロー,イラスト集
ゴールド,串カツ
ホワイト,封筒
パープル,メモパッド
ブルー,漆器
シルバー,ノート
オレンジ,明るい色のキャミソール
イエロー,ピンキーリング
ゴールド,インスタントコーヒー
グリーン,焼き魚
グレー,青汁
レッド,バスオイル
ブラック,電卓
ピンク,味噌汁
パープル,ハーブティー
ブルー,大きな鏡
ブラック,ざるそば
ゴールド,ノートパソコン
シルバー,水筒
グレー,カフェラテ
オレンジ,エコバッグ
ホワイト,アイドルの写真
ピンク,キムチ鍋
イエロー,週刊誌
グリーン,冷凍食品
レッド,生クリーム
ブルー,甘酒
ホワイト,図書館で借りた本
グレー,折り畳み傘
グリーン,カスタードプリン
イエロー,コンビニの新商品
レッド,花束
ブラック,ゴム手袋
ゴールド,懐中電灯
パープル,旅行のパンフレット
オレンジ,楽譜
ピンク,スポーツウェア
シルバー,フレアスカート
ピンク,手作り弁当
オレンジ,食器洗剤
グリーン,空気清浄機
シルバー,パイナップル
パープル,スケジュール帳
ホワイト,お香
イエロー,詩集
レッド,リモコン
ブラック,テディベア
ブルー,野菜の煮物
ゴールド,手作りのクッキー
グレー,天然石のアクセサリー
グリーン,映画の原作本
ブラック,花柄の小物
ピンク,地球儀
イエロー,写真付きカレンダー
オレンジ,キャラクター人形
ブルー,昔の日記
ホワイト,ポータブルラジオ
パープル,家の鍵
シルバー,日本地図
グレー,タブレット
レッド,明太子
ゴールド,ペット用品
グレー,ブランケット
ゴールド,クッション
オレンジ,ファッション誌
ピンク,ミネラルウォーター
シルバー,児童書
パープル,語学のテキスト
レッド,デジタルカメラ
グリーン,リゾット
ブルー,アイスコーヒー
ホワイト,ワンピース
イエロー,柑橘系の果物
ブラック,はがき
ブラック,自転車の鍵
シルバー,日記帳
ホワイト,科学系の雑誌
パープル,マグカップ
ゴールド,新製品の家電
オレンジ,ドーナッツ
ブルー,ティースプーン
ピンク,流行のコスメグッズ
イエロー,ボストンバッグ
レッド,花の香りのする石鹸
グレー,ウェットティッシュ
グリーン,カチューシャ
レッド,サングラス
ブルー,マウスパッド
イエロー,銀のブレスレット
グリーン,ルームウェア
ホワイト,豚汁
ゴールド,アイスキャンディー
グレー,食器用スポンジ
シルバー,ハムサンド
ピンク,参考書
ブラック,食洗機
オレンジ,マスク
パープル,海鮮丼
オレンジ,大型テレビ
グリーン,チャイ
パープル,キャラクターのメモ帳
グレー,のど飴
ブラック,キャンドル
シルバー,少女漫画
ピンク,カップケーキ
イエロー,ルームシューズ
ゴールド,クラッチバッグ
ブルー,フライパン
レッド,ブラウス
ホワイト,DVD
ブルー,テニスラケット
ゴールド,トマト
グレー,プリンタ
レッド,一眼レフカメラ
イエロー,マナーのテキスト本
グリーン,絵の具
オレンジ,遊園地の前売り券
パープル,アイドルのカレンダー
シルバー,ぬいぐるみ
ピンク,海外の貨幣
ホワイト,ドレッサー
ブラック,フリーペーパー
ホワイト,ピーナッツ
グレー,湯豆腐
ゴールド,ダンベル
イエロー,海外の文房具
ピンク,ヨーグルト
レッド,エビフライ
ブルー,間接照明
ブラック,スペアリブ
グリーン,ゴミ箱
パープル,推理小説
シルバー,日めくりカレンダー
オレンジ,納豆
レッド,サッカーボール
ブルー,観光雑誌
パープル,バラの花
グリーン,マグカップ
イエロー,角砂糖
グレー,アルバム
ブラック,シンプルなキーホルダー
シルバー,小さな鉢植え
ピンク,緑茶
ホワイト,クリームチーズ
オレンジ,本棚
ゴールド,自転車
イエロー,ハンドタオル
オレンジ,納豆巻き
グリーン,ネームプレート
ブラック,名刺入れ
シルバー,卒業アルバム
ホワイト,ガーデニンググッズ
ピンク,バスタオル
ブルー,ドアストッパー
グレー,だてメガネ
ゴールド,メイクポーチ
パープル,金のアクセサリー
レッド,折り畳み自転車
オレンジ,シンプルなパンプス
イエロー,人から薦められた本
シルバー,消しゴム
パープル,天然石のリング
ゴールド,メイプルシロップ
ブラック,スポーツ雑誌
グレー,ジュエリーボックス
ホワイト,革のブックカバー
ブルー,ブランド物の財布
ピンク,便箋
レッド,紙コップ
グリーン,クロスのペンダント
ブルー,ネイルシール
ブラック,目薬
ゴールド,プレゼントされたアクセサリー
シルバー,推理小説
ピンク,CDプレーヤー
パープル,つばの広い帽子
グリーン,ミントガム
イエロー,虫めがね
オレンジ,モンブランケーキ
レッド,電卓
グレー,お気に入りのハンカチ
ホワイト,グルメガイドブック
ブラック,芸能人のエッセー本
グリーン,数字パズル
オレンジ,納豆
ゴールド,画用紙
レッド,古典文学
ブルー,切符
ホワイト,コールスロー
グレー,スムージー
シルバー,手巻き寿司
イエロー,ブルーベリー
ピンク,ポテトフライ
パープル,肉団子
グレー,赤のボールペン
ピンク,和服
ブラック,煮込みうどん
ホワイト,手作りのアクセサリー
シルバー,クラッカー
グリーン,カラーファイル
ゴールド,電子辞書
レッド,スプリングブーツ
イエロー,袋詰めの飴
オレンジ,レシート
パープル,ワイシャツ
ブルー,トランプ
グリーン,玄米
ゴールド,収納ボックス
イエロー,お菓子のおまけ
シルバー,枝豆
グレー,漫画の新刊
オレンジ,海外ドラマのDVD
レッド,週刊誌
ホワイト,チキンカレー
パープル,アンティーク食器
ブルー,グリーティングカード
ブラック,地域情報誌
ピンク,貯金箱
ピンク,マッサージチェア
レッド,着せ替え人形
ホワイト,香水のミニボトル
イエロー,ジグソーパズル
ゴールド,缶コーヒー
ブラック,ミルクキャラメル
パープル,期間限定のお菓子
ブルー,オムライス
オレンジ,ガーリックライス
グレー,折り紙
シルバー,ほうき
グリーン,土鍋
オレンジ,筆ペン
イエロー,シルクのスカーフ
レッド,絵画のポストカード
ピンク,スケジュール帳
ブラック,図書館のカード
ゴールド,マカロニグラタン
グリーン,革のベルト
パープル,絵本
シルバー,ビーフシチュー
ホワイト,デスクトップパソコン
ブルー,水着
グレー,フレンチトースト
ホワイト,きつねうどん
グレー,親子丼
ブルー,日記帳
パープル,デスクライト
グリーン,缶詰
シルバー,栄養ドリンク
ピンク,ロイヤルミルクティー
オレンジ,マスカラ
ゴールド,香りつきキャンドル
レッド,アイマスク
イエロー,しおり
ブラック,ヘルスメーター
イエロー,ソーイングセット
オレンジ,ちらし寿司
グレー,ラメ入りのマニキュア
グリーン,バインダー
パープル,お刺身
ブルー,プラスチックのアクセサリー
シルバー,缶入りキャンディー
ゴールド,パンツスーツ
ホワイト,ライ麦パン
ブラック,経済雑誌
ピンク,ミニスカート
レッド,手作りのアクセサリー
パープル,ランニングシューズ
レッド,とんこつラーメン
ピンク,ハート型のネックレス
グレー,キャベツ
ホワイト,ショートケーキ
グリーン,掃除機
イエロー,推理小説
シルバー,置き時計
ブラック,春物のジャケット
ブルー,座布団
ゴールド,マヨネーズ
オレンジ,家計簿
グレー,コンパクトミラー
ホワイト,ベーコン
オレンジ,ブランケット
レッド,折込チラシ
ブラック,旅行先で撮った写真
ゴールド,牛丼
パープル,陶器の貯金箱
グリーン,花柄のシャツ
イエロー,たまごかけご飯
ピンク,オリーブオイル
シルバー,せっけん
ブルー,エプロン
シルバー,お気に入りのペン
グリーン,テニスラケット
パープル,キッチンタイマー
ブルー,古本
ブラック,絵葉書
オレンジ,玄米茶
ゴールド,キャラクターグッズ
イエロー,テレビのリモコン
レッド,眠気覚ましのガム
ホワイト,アナログの腕時計
グレー,ノートパソコン
ピンク,オーディオ機器
オレンジ,キルティングジャケット
ゴールド,フランスパン
ホワイト,ラー油
レッド,スマホケース
ブルー,輸入菓子
グリーン,しおり
イエロー,コサージュ
グレー,野菜スティック
ブラック,レギンス
シルバー,切手
ピンク,輪ゴム
パープル,餃子
ピンク,デジタルカメラ
ブルー,和風ドレッシング
グレー,電卓
ホワイト,イチゴミルク
パープル,化粧ポーチ
イエロー,こしょう
グリーン,キャリーケース
シルバー,コンタクトレンズ
ゴールド,缶コーヒー
ブラック,エリンギソテー
オレンジ,シロップ
レッド,ヘアスプレー
ブルー,ショルダーバッグ
ピンク,ランチボックス
レッド,ガラスの置物
イエロー,リボン
グレー,黒酢
シルバー,スケッチブック
ブラック,チェダーチーズ
ゴールド,ゴミ袋
グリーン,乾電池
パープル,酵素ドリンク
ホワイト,フルーツパフェ
オレンジ,リゾット
ゴールド,友達からもらったもの
イエロー,テーブルクロス
パープル,鉄火丼
グレー,はちみつ
ブラック,コーンスープ
ホワイト,薄手のパーカー
レッド,焼き菓子
ブルー,はし置き
ピンク,革のベルト
オレンジ,レポート用紙
グリーン,ブックカバー
シルバー,カツカレー
イエロー,マスカラ
レッド,ペペロンチーノ
ピンク,アップルジュース
パープル,修正テープ
オレンジ,マドレーヌ
ゴールド,みそラーメン
シルバー,カシューナッツ
グリーン,写真立て
グレー,豆乳
ブルー,卵焼き
ブラック,ブランケット
ホワイト,マスタード
グリーン,ハンカチ
ブラック,ゴーヤ
イエロー,しょうゆ
シルバー,コロッケ
グレー,歯磨き粉
レッド,柑橘系の香水
パープル,ビーフシチュー
オレンジ,ハンガー
ブルー,英会話の教材
ピンク,ウクレレ
ホワイト,折りたたみの傘
ゴールド,ストロベリージャム
レッド,あんまん
パープル,トマトジュース
ブルー,リップグロス
グレー,カーネーション
グリーン,トランプ
ピンク,生クリーム
オレンジ,手品グッズ
シルバー,ドライフルーツ
ホワイト,カセットテープ
ゴールド,キャラメル
イエロー,豚汁
ブラック,ガムテープ
ブラック,紅茶
オレンジ,映画のDVD
シルバー,マグカップ
ブルー,さぬきうどん
パープル,ペーパータオル
イエロー,クリップ
ホワイト,湯豆腐
ゴールド,スプーン
ピンク,紙コップ
グリーン,オルゴール
グレー,スウェット
レッド,天ぷら
グレー,マッサージチェア
ホワイト,大根おろし
ピンク,ビーフステーキ
オレンジ,家族の写真
イエロー,ペット用品
パープル,ネクタイ
シルバー,蛍光灯
レッド,古い映画のDVD
ブルー,ミキサー
ブラック,ウーロン茶
グリーン,納豆パスタ
ゴールド,ミックスジュース
シルバー,生チョコレート
グリーン,チーズケーキ
ゴールド,テディベアー
ホワイト,食パン
レッド,ペンダント
グレー,ロールパン
ブラック,化粧水
ピンク,カーペット
パープル,定期券
オレンジ,入浴剤
ブルー,キャベツ
イエロー,クーポン券
ブルー,ガムテープ
ピンク,ウェットティッシュ
グリーン,枝豆
レッド,キーホルダー
ホワイト,時計
ゴールド,除湿機
グレー,シャープペン
パープル,角砂糖
シルバー,メガネケース
イエロー,中華丼
ブラック,動物の写真
オレンジ,タンブラー
ホワイト,インスタントカメラ
オレンジ,ブラックペッパー
ブラック,ハンバーガー
グリーン,ピザまん
シルバー,ガムシロップ
レッド,ミニトマト
ブルー,フランスパン
グレー,ボディークリーム
イエロー,豚のしょうが焼き
ゴールド,ヒレカツ
パープル,色鉛筆
ピンク,カフェラテ
ピンク,油揚げ
ブルー,シュレッダー
オレンジ,絵の具
ブラック,ババロア
イエロー,ヘルスメーター
パープル,印鑑
レッド,にんじん
ホワイト,お気に入りのハンカチ
グレー,ペットボトルのお茶
シルバー,みりん
ゴールド,ビジネスバッグ
グリーン,抹茶
ブラック,少女漫画
グレー,アボカド
シルバー,アンティークの小物
ホワイト,ランチョンマット
パープル,レシート
ゴールド,ゴミ箱
ピンク,貝殻
イエロー,サンダル
グリーン,コンタクトレンズ
ブルー,炭酸飲料
レッド,ちりとり
オレンジ,英語の辞書
ブルー,ミネラルウォーター
ピンク,アイスココア
オレンジ,トイレの芳香剤
シルバー,お店のチラシ
ホワイト,商品券
イエロー,おでん
パープル,筆ペン
グレー,カードケース
ゴールド,圧力鍋
レッド,メンチカツ
ブラック,コーンスープ
グリーン,炊き込み御飯
パープル,ちくわ
オレンジ,ラザニア
ピンク,シール
ブラック,コッペパン
グレー,コンタクトレンズ
グリーン,ホットケーキ
レッド,履き慣れた靴
シルバー,お気に入りの帽子
ブルー,マウスパッド
ホワイト,野菜ジュース
ゴールド,ポイントカード
イエロー,スペアリブ
グレー,ハンカチ
ホワイト,ジャケット
ブルー,クラシックのCD
パープル,洗剤
レッド,パーテーション
ブラック,温度計
オレンジ,ブローチ
ゴールド,写真立て
ピンク,ビニール袋
イエロー,梅干しのおにぎり
グリーン,シルクのハンカチ
シルバー,領収証
ブラック,写真集
グリーン,収納ボックス
ゴールド,スケッチブック
オレンジ,お気に入りのシャツ
パープル,ミルクティー
レッド,生ハム
シルバー,レターケース
ブルー,口紅
イエロー,デスクマット
グレー,スマートフォン
ピンク,ロースカツ
ホワイト,クッキー
オレンジ,電気ポット
ブラック,エッセンシャルオイル
イエロー,コーヒーカップ
ブルー,定期券
ピンク,こしょう
シルバー,ウェットティッシュ
ホワイト,貯金箱
グリーン,コーヒーメーカー
レッド,クロワッサン
パープル,ヘアアイロン
グレー,鉛筆削り
ゴールド,シュークリーム
グレー,マヨネーズ
ホワイト,カード立て
グリーン,修正テープ
ピンク,だてメガネ
イエロー,長財布
パープル,接着剤
ゴールド,ハーブティー
オレンジ,アーモンド
ブラック,鉛筆
シルバー,ストール
ブルー,テレビのリモコン
レッド,歌手のポスター
グリーン,リップクリーム
イエロー,茶碗蒸し
レッド,ペンライト
ゴールド,オレンジジュース
ブルー,ハイヒール
オレンジ,ヘアスプレー
ブラック,ネックレス
シルバー,ヨガマット
パープル,生け花
グレー,フォーク
ホワイト,ショール
ピンク,手帳
パープル,ウインナー
グレー,トースト
ブラック,絵の具
グリーン,ホワイトチョコレート
シルバー,つまようじ
ホワイト,映画のパンフレット
レッド,アジフライ
ゴールド,枕
オレンジ,恋愛小説
ブルー,爪切り
ピンク,革靴
イエロー,ショートケーキ
イエロー,週刊誌
グリーン,コーンポタージュ
グレー,ダイエットフード
ブラック,パイプ椅子
ピンク,スポーツドリンク
シルバー,ガスコンロ
ゴールド,卓上コンロ
レッド,ミニスカート
ホワイト,古い手紙
オレンジ,ネクタイ
ブルー,計量カップ
パープル,焼き鳥
レッド,自転車のカギ
ブルー,ポークソテー
シルバー,スポーツタオル
オレンジ,綿棒
ゴールド,英字新聞
ブラック,大学ノート
イエロー,ボストンバッグ
ピンク,メロンパン
グリーン,クリアファイル
ホワイト,バスローブ
パープル,本棚
グレー,ヨーグルト
ホワイト,わさび
ブラック,シリアル
ブルー,ポテトサラダ
イエロー,フライドポテト
グリーン,ロングスカート
グレー,チーズバーガー
オレンジ,ブルーベリー
パープル,握り寿司
ピンク,フレンチトースト
レッド,割りばし
シルバー,リップグロス
ゴールド,わかめサラダ
シルバー,画集
パープル,ラム肉
ホワイト,つけ麺
ゴールド,ピアノ
ブラック,お吸い物
ブルー,電子レンジ
ピンク,スキャナー
グレー,百貨店で買ったもの
オレンジ,炭酸飲料
グリーン,アイシャドー
イエロー,トースター
レッド,パズル
イエロー,アニメのDVD
ゴールド,グルメ情報誌
ピンク,マカロニ
シルバー,昆布茶
オレンジ,リュックサック
レッド,エコグッズ
グリーン,ティッシュペーパー
ホワイト,豆乳クッキー
ブルー,角砂糖
ブラック,ジンジャーエール
グレー,スニーカー
パープル,革の財布
パープル,フランスパン
レッド,スケッチブック
ホワイト,スマホの充電器
イエロー,折りたたみ傘
オレンジ,まな板
ブラック,ピアノ
グレー,傘立て
シルバー,パンプス
ピンク,スウィートコーン
ブルー,チーズバーガー
ゴールド,ソーイングセット
グリーン,のどあめ
グレー,グリーンピース
オレンジ,枝豆
シルバー,古い写真
ブルー,ティッシュケース
グリーン,フォトフレーム
ピンク,グラス
レッド,地球儀
ブラック,そら豆
パープル,電卓
ゴールド,さやいんげん
イエロー,炊飯器
ホワイト,ペン立て
オレンジ,レジャーガイド
グレー,英会話の教材
ブルー,イクラ
ブラック,ピーマン
ピンク,パプリカ
ゴールド,カーディガン
イエロー,アイドルの写真集
グリーン,ズッキーニ
ホワイト,マウス
レッド,フライドポテト
シルバー,少女マンガ
パープル,ブックカバー
ピンク,アナログタイプの腕時計
ゴールド,リボン
パープル,古い雑誌
オレンジ,バター
レッド,ヘアピン
シルバー,お気に入りのシャツ
ホワイト,ピンキーリング
ブルー,トマトソース
イエロー,バジル
グレー,新しいコスメ
グリーン,ネックレス
ブラック,ベーコン
ブラック,ファンデーション
ブルー,ナポリタン
ピンク,水餃子
グリーン,ハンドメイドのアクセサリー
イエロー,唐辛子
パープル,シャンプー
オレンジ,スマホケース
シルバー,恋愛ドラマ
レッド,マスカラ
ホワイト,みょうが
ゴールド,ヘアアイロン
グレー,ネイルアート用品
レッド,デスクランプ
ピンク,豚汁
ブラック,らっきょう
シルバー,納豆巻き
グレー,モンブランケーキ
イエロー,芳香剤
ブルー,モロヘイヤ
ホワイト,ボディークリーム
オレンジ,メガネケース
グリーン,レタスチャーハン
パープル,パルメザンチーズ
ゴールド,マウス
ブルー,生野菜
シルバー,リモコン
レッド,球根
ピンク,サボテン
パープル,ポータブルラジオ
ホワイト,ヘアワックス
ゴールド,テニスラケット
オレンジ,ブルーベリー
グレー,グルメ雑誌
イエロー,ばんそうこう
グリーン,入浴剤
ブラック,大きめの傘
ホワイト,タイマー
パープル,地図帳
ゴールド,ティラミス
グリーン,ハムサンド
ピンク,マフィン
レッド,チーズオムレツ
シルバー,ポスター
イエロー,だてメガネ
ブルー,ストール
ブラック,ノートパソコン
グレー,アイスカフェラテ
オレンジ,ジーパン
オレンジ,ペンライト
ブラック,ハイヒール
ブルー,クリームチーズ
イエロー,ポークソテー
レッド,鉛筆
グレー,自転車
パープル,クラムチャウダー
ピンク,ラズベリー
ゴールド,銀食器
ホワイト,生け花
シルバー,カスタードクリーム
グリーン,手鏡
シルバー,わかめスープ
ピンク,アイスココア
レッド,便箋
パープル,しおり
ブルー,ミニスカート
ゴールド,つまようじ
ブラック,カフェモカ
ホワイト,低反発素材の枕
グリーン,いちごミルク
イエロー,オムライス
オレンジ,エスプレッソ
グレー,洗濯かご
グリーン,フライパン
ゴールド,わさび
オレンジ,スポーツドリンク
ブラック,ブックカバー
ホワイト,ローストビーフ
パープル,レーズン
グレー,オイルサーディン
レッド,ショッピングバッグ
ピンク,ソーセージ
シルバー,海の写真
ブルー,アンチョビポテト
イエロー,計量カップ
レッド,生ハム
グリーン,スーパーのチラシ
パープル,ミルクティー
ブルー,たこ焼き
シルバー,カプレーゼ
オレンジ,英字新聞
ホワイト,クリアファイル
グレー,花の種
イエロー,ポテトサラダ
ピンク,コールスロー
ブラック,ダンボール
ゴールド,スモークチーズ
ブルー,スポーツバッグ
イエロー,システム手帳
ホワイト,エッセイ集
グレー,マルゲリータピザ
グリーン,新しいノート
レッド,金色のアクセサリー
パープル,マガジンファイル
ゴールド,映画のパンフレット
ブラック,割りばし
オレンジ,ロングスカート
ピンク,鏡
シルバー,接着剤
シルバー,一眼レフのカメラ
ブルー,チューインガム
グレー,シフォンケーキ
ゴールド,お気に入りのハンカチ
ブラック,パズル
ピンク,ほうき
イエロー,懐中電灯
パープル,トースター
ホワイト,ハッカのお菓子
グリーン,アロマキャンドル
オレンジ,スピーカー
レッド,はんこ
ブラック,エリンギ
グレー,エビフライ
シルバー,エコロジーグッズ
パープル,フレンチトースト
ブルー,昆布茶
ゴールド,はんぺん
ピンク,革の財布
ホワイト,スニーカー
レッド,シーチキン
イエロー,ティッシュペーパー
グリーン,ミックスナッツ
オレンジ,角砂糖
ピンク,熱帯魚
レッド,カフェオレ
ブラック,旅行のガイドブック
グレー,オリーブオイル
ゴールド,お弁当箱
イエロー,マウスパッド
パープル,動物図鑑
シルバー,歯ブラシ
オレンジ,双眼鏡
ブルー,座布団
ホワイト,筆ペン
グリーン,靴下
ゴールド,ミートボール
イエロー,緑茶
グリーン,自転車
オレンジ,カルボナーラ
レッド,ティーカップ
シルバー,クリップ
ホワイト,薄手のカーディガン
ブルー,マッサージクリーム
グレー,かぼちゃ
ブラック,たけのこ
パープル,ウェットティッシュ
ピンク,プリン
シルバー,リップクリーム
ホワイト,電車の切符
ブルー,ファンデーション
ピンク,インスタントラーメン
グレー,キャミソール
グリーン,ぬいぐるみ
イエロー,子供の頃の写真
パープル,明るい色の傘
ゴールド,チャーシュー
オレンジ,焼き魚
ブラック,ショートブーツ
レッド,ちりとり
パープル,マジックテープ
オレンジ,なわとび
シルバー,ビーフシチュー
ブラック,文庫本
ホワイト,フライパン
ゴールド,ノートパソコン
レッド,日記帳
ピンク,ほうじ茶
ブルー,五目チャーハン
グリーン,推理小説
グレー,家族からもらったもの
イエロー,虫眼鏡
イエロー,バームクーヘン
ブルー,まんじゅう
ホワイト,電動歯ブラシ
レッド,ボストンバッグ
グリーン,フランスパン
パープル,切手
オレンジ,カレンダー
ブラック,ホワイトボード
ピンク,デニムのスカート
シルバー,野菜スティック
ゴールド,クロワッサン
グレー,コンシーラー
ホワイト,チキンバーガー
ゴールド,こしょう
オレンジ,シロップ
ブルー,化粧ポーチ
イエロー,パニーニ
グリーン,タイツ
グレー,デジタルカメラ
レッド,和風ドレッシング
シルバー,電卓
ピンク,海藻サラダ
ブラック,ワイシャツ
パープル,コンタクトレンズ
レッド,アーモンド
シルバー,ゴミ袋
イエロー,はんこ
ホワイト,ウィンナーコーヒー
ブラック,チャイティー
グレー,ブレンドコーヒー
ブルー,お刺身
ゴールド,コーヒーゼリー
パープル,住宅情報誌
グリーン,四つ葉のクローバー
オレンジ,ホットサンド
ピンク,デニッシュ
グレー,ブックカバー
パープル,野菜ジュース
ピンク,テーブルクロス
オレンジ,明るい色のパーカー
ホワイト,ミックスジュース
シルバー,親子丼
ゴールド,レザーベルト
ブルー,クッション
ブラック,練乳
イエロー,アクセサリーケース
グリーン,コーンスープ
レッド,はちみつ
ゴールド,みそラーメン
ブラック,コットン
ホワイト,スウェット
シルバー,スムージー
イエロー,マスタード
オレンジ,修正テープ
グリーン,写真立て
レッド,プリンアラモード
ピンク,バナナ
パープル,クリームぜんざい
グレー,ストロベリーパフェ
ブルー,卵焼き
パープル,花瓶
グレー,アメリカンコーヒー
レッド,万年筆
グリーン,おしぼり
シルバー,紙袋
ブルー,歯磨き粉
ピンク,ワイヤレスイヤフォン
オレンジ,アフォガード
ゴールド,ゴーヤ
ブラック,しょうゆ
イエロー,トイカメラ
ホワイト,生春巻き
オレンジ,リップグロス
ホワイト,キャラメル
グレー,ナシゴレン
レッド,手品グッズ
ピンク,鳥かご
ブラック,ガムテープ
イエロー,牛フィレ肉
パープル,生クリーム
グリーン,オマール海老
ブルー,名刺
ゴールド,カセットテープ
シルバー,パンケーキ
レッド,スプーン
パープル,ストッキング
ゴールド,オルゴール
ブルー,大きなグラス
オレンジ,植物の種
ピンク,ハイヒール
ブラック,レポート用紙
ホワイト,ストロベリータルト
イエロー,マグカップ
グレー,文芸雑誌
シルバー,ペーパータオル
グリーン,ロコモコ
ピンク,蛍光灯
イエロー,インスタントコーヒー
パープル,乾電池
シルバー,花束
グリーン,バーニャカウダ
オレンジ,シーザーサラダ
ホワイト,紙コップ
グレー,ビジネス書
ブルー,壁掛け時計
ゴールド,玄米
レッド,デミグラスソース
ブラック,チョレギサラダ
ピンク,英会話の教材
ゴールド,辞書
オレンジ,入浴剤
ホワイト,スポーツドリンク
ブラック,海の写真
シルバー,スクーター
グレー,家族からもらったもの
パープル,ミルクティー
グリーン,テニスラケット
レッド,かき氷
ブルー,クリアファイル
イエロー,バスローブ
グリーン,本棚
パープル,ボイスレコーダー
ピンク,英字新聞
オレンジ,ビーチサンダル
イエロー,大学ノート
レッド,バニラアイス
シルバー,オリーブオイル
ホワイト,ガムシロップ
ブルー,アニメのDVD
グレー,明るい色のシャツ
ブラック,サンダル
ゴールド,電話帳
グレー,アロマキャンドル
ブラック,ハンカチ
ブルー,画集
イエロー,ココア
オレンジ,割りばし
グリーン,パズル
パープル,懐中電灯
レッド,ミルクレープ
ピンク,ほうき
ゴールド,チーズバーガー
ホワイト,ハイヒール
シルバー,トースター
イエロー,角砂糖
シルバー,チューインガム
ホワイト,アイスミルク
グレー,ティッシュペーパー
パープル,ハッカのお菓子
ピンク,電子レンジ
ブルー,スピーカー
ゴールド,昆布茶
レッド,イヤリング
ブラック,エコロジーグッズ
グリーン,ざるそば
オレンジ,はんこ
ブルー,双眼鏡
ゴールド,スニーカー
パープル,熱帯魚
グリーン,スイカ
ピンク,マウスパッド
イエロー,フィギュア
ブラック,ボールペン
オレンジ,歯ブラシ
シルバー,楽譜
レッド,座布団
グレー,旅行のガイドブック
ホワイト,革の財布
シルバー,緑茶
イエロー,ビー玉
グリーン,カーディガン
ブルー,ウクレレ
レッド,定期券
ブラック,ティーカップ
ゴールド,地図帳
グレー,カフェオレ
ホワイト,コンパス
オレンジ,プリン
ピンク,ウェットティッシュ
パープル,クリップ
レッド,ショートブーツ
ブルー,自転車
シルバー,ブローチ
ピンク,古い雑誌
パープル,マッサージクリーム
グレー,ぬいぐるみ
ホワイト,子供の頃の写真
イエロー,ちりとり
ゴールド,蛍光ペン
ブラック,カルボナーラ
オレンジ,卒業アルバム
グリーン,パプリカ
ゴールド,アイドルの写真集
グレー,線香花火
イエロー,握り寿司
シルバー,封筒
ブルー,パインジュース
パープル,自転車のカギ
ブラック,日記帳
グリーン,ファンデーション
オレンジ,お気に入りのバッグ
ピンク,小銭入れ
ホワイト,日焼け止めクリーム
レッド,絵葉書
オレンジ,鉛筆削り
ホワイト,ひまわり
ブルー,虫眼鏡
レッド,ミニスカート
ブラック,オレンジジュース
イエロー,ノートパソコン
グレー,ほうじ茶
ピンク,ホワイトボード
パープル,バームクーヘン
ゴールド,キャミソール
グリーン,野菜スティック
シルバー,マジックテープ
パープル,餃子
イエロー,シロップ
ゴールド,フランスパン
ブラック,リモコン
ピンク,卓上カレンダー
グレー,電卓
オレンジ,こしょう
レッド,生春巻き
ホワイト,ラジオ
ブルー,切手
シルバー,スマホの充電器
グリーン,ワイシャツ
ピンク,コンタクトレンズ
グリーン,ダンボール
ブラック,ヘアスプレー
ホワイト,コーヒーゼリー
グレー,化粧ポーチ
ゴールド,海藻サラダ
パープル,リボン
オレンジ,デジタルカメラ
レッド,タイツ
シルバー,はんこ
イエロー,ゴミ袋
ブルー,デスクランプ
イエロー,ベルト
ピンク,スケッチブック
グリーン,マカロニ
グレー,四つ葉のクローバー
レッド,お刺身
ホワイト,ショルダーバッグ
シルバー,アクセサリーケース
ブルー,古典文学
ブラック,テーブルクロス
パープル,さぬきうどん
ゴールド,クッション
オレンジ,コーンスープ
オレンジ,ピンセット
レッド,薄手のパーカー
シルバー,はちみつ
パープル,マスカラ
ゴールド,ソイラテ
ブルー,ドーナッツ
ピンク,サイコロ
グリーン,卵焼き
グレー,コットン
ホワイト,修正テープ
ブラック,ビーフカレー
イエロー,ブックカバー
グレー,コルクボード
オレンジ,みそラーメン
ゴールド,水餃子
イエロー,万年筆
グリーン,しょうゆ
ブラック,チョーカー
レッド,風鈴
ホワイト,マスタード
シルバー,スウェット
ブルー,恋愛小説
パープル,ピーナッツ
ピンク,写真立て
イエロー,ハンガー
グレー,電話帳
ホワイト,日傘
パープル,キャラメル
オレンジ,知恵の輪
ゴールド,鳥かご
ブラック,冷やし中華
レッド,花瓶
グリーン,シャワーカーテン
ピンク,ガムテープ
シルバー,名刺
ブルー,おしぼり
ゴールド,マグカップ
シルバー,文芸雑誌
オレンジ,カセットテープ
ホワイト,ピアノ
ピンク,カニクリームコロッケ
パープル,クリップ
イエロー,ミントタブレット
グレー,海外のお菓子
ブルー,手品グッズ
グリーン,エプロン
レッド,お好み焼き
ブラック,植物の種
シルバー,ストッキング
パープル,花束
イエロー,ネクタイ
レッド,壁掛け時計
ブルー,明太子
ブラック,ハイヒール
オレンジ,スプーン
ゴールド,ファッション雑誌
ピンク,玄米
グレー,紙コップ
グリーン,ウーロン茶
ホワイト,オルゴール
オレンジ,オムライス
ブルー,孫の手
グレー,野菜ジュース
ゴールド,リストバンド
ホワイト,記念切手
シルバー,カーテン
パープル,マッサージチェア
ブラック,蛍光灯
レッド,友達からもらったもの
イエロー,バスローブ
ピンク,マーマレード
グリーン,ふりかけ
ホワイト,ティラミス
ブラック,ストロベリージャム
グリーン,炭酸飲料
オレンジ,親子丼
パープル,メロン
ゴールド,ブラウス
ピンク,旅行のパンフレット
レッド,アップルパイ
シルバー,虫よけスプレー
ブルー,エアコン
イエロー,熱帯魚
グレー,腕時計
パープル,電車の時刻表
ゴールド,ラッシー
ブルー,化粧水
グレー,マンゴー
グリーン,歯ブラシ
イエロー,ハーブティー
レッド,懐中電灯
オレンジ,幕の内弁当
ホワイト,しおり
シルバー,ポータブルテレビ
ブラック,レモンジュース
ピンク,ローストビーフ
グリーン,海外のポストカード
ホワイト,納豆
ピンク,ちりとり
イエロー,スケッチブック
シルバー,アイスココア
ブルー,英字新聞
パープル,地球儀
ブラック,スプーン
ゴールド,キーケース
レッド,バナナ
グレー,レモネード
オレンジ,ブルーベリー
レッド,卒業アルバム
ブラック,ガーリックトースト
シルバー,柑橘系の香水
グリーン,そうめん
イエロー,梅干しのおにぎり
グレー,ジンジャーエール
ブルー,シャープペンシル
ピンク,入浴剤
オレンジ,スニーカー
ゴールド,シーチキン
パープル,ビシソワーズ
ホワイト,ペンライト
シルバー,グラノーラ
グレー,ヘアゴム
レッド,ブックカバー
ピンク,詩集
ブルー,軍手
ホワイト,白米
ブラック,ほうじ茶
ゴールド,乾電池
パープル,ネクタイ
オレンジ,シャンプー
イエロー,インスタントコーヒー
グリーン,パジャマ
グリーン,スティックシュガー
オレンジ,香水
ブラック,ヘッドフォン
レッド,マイク
ゴールド,豆乳
イエロー,領収証
ピンク,ボディーソープ
ブルー,クッション
ホワイト,ブレスレット
パープル,ネックレス
グレー,消臭スプレー
シルバー,クッション
ブルー,自転車
パープル,旅行のお土産
ホワイト,レインコート
オレンジ,名刺
ブラック,チャーハン
グリーン,オルゴール
グレー,カシューナッツ
シルバー,マウス
レッド,絵葉書
ピンク,とうがらし
ゴールド,まな板
イエロー,会員証
オレンジ,花の種
シルバー,牛丼
グレー,ガーリックトースト
ブルー,スキャナー
グリーン,おしぼり
ピンク,ビスケット
レッド,梅こぶ茶
パープル,乾電池
ブラック,お笑い番組のDVD
イエロー,タンブラー
ホワイト,花束
ゴールド,木のスプーン
イエロー,フライパン
ピンク,テレビのリモコン
パープル,クリアファイル
グリーン,わかめスープ
シルバー,ソーイングセット
レッド,トースター
ゴールド,カーナビ
ホワイト,心理テストの本
グレー,ファンタジー小説
オレンジ,風景画
ブルー,色鉛筆
ブラック,マスク
ピンク,ヘアムース
レッド,マシュマロ
イエロー,チキンカレー
ホワイト,コスメのカタログ
ゴールド,カップラーメン
オレンジ,ランチョンマット
グリーン,とんかつ
ブルー,ミネラルウォーター
シルバー,豆腐
グレー,ソーセージ
ブラック,麦茶
パープル,ヘアバンド
ホワイト,チーズケーキ
パープル,歯磨き粉
イエロー,空気清浄機
ピンク,ミニスカート
グレー,キーホルダー
ゴールド,アイドルの写真
ブラック,印鑑
シルバー,パウンドケーキ
ブルー,資格のテキスト
グリーン,スマートフォン
オレンジ,英語の辞書
レッド,納豆
オレンジ,レースのカーテン
ホワイト,鍋
ゴールド,タンクトップ
グリーン,だてメガネ
シルバー,アニメのDVD
ピンク,小銭入れ
イエロー,クラッチバッグ
レッド,卒業アルバム
ブラック,リュックサック
ブルー,ローヒールシューズ
パープル,テーブルゲーム
グレー,アイスミルク
イエロー,マンゴージュース
レッド,浄水器
シルバー,ジャズのCD
グレー,数字パズル
パープル,家族の写真
ブルー,テレビのリモコン
オレンジ,ルームシューズ
グリーン,恋愛小説
ホワイト,デジタルカメラ
ピンク,梅干のおにぎり
ブラック,ビーフカレー
ゴールド,新しいベッドカバー
グレー,新聞紙
ゴールド,アイスコーヒー
オレンジ,はがき
イエロー,メンチカツ
ブルー,クリアファイル
ホワイト,長財布
パープル,ビーズクッション
ピンク,ショルダーバッグ
グリーン,アンティークの時計
レッド,ロコモコ
シルバー,ガラスの置物
ブラック,はちみつ
グリーン,フルーツケーキ
オレンジ,外国の貨幣
ホワイト,餃子
ブルー,玄米
ブラック,愛用のボールペン
パープル,炭酸ジュース
ピンク,麦わら帽子
イエロー,ミネラルウォーター
グレー,革のベルト
シルバー,パンツスーツ
ゴールド,ミントガム
レッド,大きな鏡
ブルー,グレープフルーツ
グレー,ヘアピン
パープル,オレンジジュース
シルバー,挿絵入りの本
ゴールド,オムライス
グリーン,キッチンタイマー
レッド,電気ポット
ブラック,食パン
ピンク,カフェラテ
ホワイト,ガーリックトースト
イエロー,コンパクトミラー
オレンジ,花束
ピンク,炭酸飲料
イエロー,和風サラダ
グリーン,マーガリン
レッド,デスクランプ
ホワイト,ストロー
シルバー,純愛小説
パープル,コンタクトレンズ
グレー,ステッカー
オレンジ,ブルーベリー
ゴールド,名刺
ブルー,スニーカー
ブラック,昔もらった手紙
シルバー,通販で買ったもの
グリーン,コイン
レッド,古いCD
ゴールド,スポーツドリンク
ブラック,アロマキャンドル
イエロー,ヘッドフォン
ブルー,つけまつ毛
パープル,テーブルクロス
ホワイト,ぬいぐるみ付きキーホルダー
オレンジ,お笑いのDVD
グレー,トートバッグ
ピンク,ポケットティッシュ
レッド,ゴーヤチャンプル
ピンク,エナメルの靴
シルバー,グリーティングカード
オレンジ,USBメモリー
グレー,ドアストッパー
ブルー,バナナジュース
ブラック,派手なアクセサリー
イエロー,メモ帳
グリーン,ウーロン茶
パープル,ミントタブレット
ホワイト,ペッパーソース
ゴールド,パーティードレス
ブラック,領収証
レッド,芸能人のエッセー本
グリーン,古着屋で買った服
パープル,ゲームの景品
オレンジ,砂時計
ゴールド,日めくりカレンダー
ピンク,電子辞書
グレー,シャンプー
シルバー,蛍光ペン
ホワイト,生ハム
イエロー,パールのネックレス
ブルー,エリンギソテー
ホワイト,メロンパン
オレンジ,スコーン
ブルー,ピンヒールシューズ
ピンク,グルメ雑誌
パープル,日記帳
ブラック,ブランド物の時計
グレー,お祭りのガイドブック
ゴールド,ホワイトボード
イエロー,インスタントラーメン
レッド,人気アーティストのCD
グリーン,チキンカレー
シルバー,かき氷
グレー,蛍光灯
ブルー,ポストカード
オレンジ,乗り物の乗車券
イエロー,大きなぬいぐるみ
シルバー,トランプ
グリーン,地域のガイドブック
レッド,たこ焼き
ホワイト,わたあめ
ゴールド,ペットグッズ
ブラック,お好み焼き
ピンク,キーケース
パープル,柑橘系の香水
パープル,ハンカチ
グリーン,トレーニングウェア
イエロー,ランチプレート
オレンジ,バニラアイス
ピンク,写真週刊誌
シルバー,定期券
ゴールド,家電のカタログ
ブルー,ビニールの傘
ブラック,ロングスカート
グレー,経済雑誌
レッド,ランチョンマット
ホワイト,サボテン
イエロー,古いスマホ
ホワイト,キャラクターキーホルダー
ピンク,海外旅行のパンフレット
グレー,無地のノート
レッド,蚊取り線香
ゴールド,花火
グリーン,浴衣
ブラック,デニムのスカート
パープル,友達からもらった手紙
シルバー,シュレッダー
オレンジ,ひやむぎ
ブルー,冷凍食品
グレー,カプチーノ
ピンク,ロゴＴシャツ
イエロー,アイプチ
グリーン,バングル
パープル,週刊誌
ブルー,フルーツパフェ
ゴールド,ヘルスメーター
シルバー,アンティークジュエリー
レッド,定期入れ
ホワイト,動物のフィギュア
ブラック,キムチ
オレンジ,お菓子のおまけ
ブルー,海外旅行のお土産
グリーン,ハーブの鉢植え
ゴールド,酵素ドリンク
シルバー,ホワイトボード
ホワイト,お菓子のレシピ本
ブラック,有名画家の画集
ピンク,接着剤
レッド,パクチー
グレー,ハンドタオル
オレンジ,家計簿
イエロー,ブラックコーヒー
パープル,スポーツタオル
ピンク,電子辞書
グレー,無地のハンカチ
シルバー,リボン
パープル,シーチキンのおにぎり
レッド,キャミソール
ホワイト,野菜ジュース
ブルー,スポーツ雑誌
グリーン,バラの花
ゴールド,ソファ
イエロー,語学テキスト
オレンジ,サングラス
ブラック,キャラクターグッズ
レッド,お漬物
イエロー,革製のハンドバッグ
オレンジ,アロマキャンドル
ブルー,ルームウェアー
ゴールド,シルクのハンカチ
グリーン,ミルクティー
ホワイト,串カツ
ピンク,サンダル
ブラック,ハムサンド
グレー,スパイシーな食べ物
パープル,女性ボーカルのCD
シルバー,薄手のカットソー
シルバー,りんご
ブルー,ナポリタン
ホワイト,新作のコスメ
ブラック,ものさし
オレンジ,携帯電話
グレー,レポート用紙
パープル,生春巻き
イエロー,ブックカバー
レッド,黒酢ドリンク
グリーン,しょうゆ
ピンク,テーブルゲーム
ゴールド,シュークリーム
ホワイト,スモークサーモン
シルバー,スニーカー
パープル,陶器の貯金箱
ゴールド,ユリの花
グレー,そうめん
ピンク,家のカギ
グリーン,ほうれん草
ブラック,貝殻
オレンジ,植物の写真集
ブルー,スケッチブック
レッド,お取り寄せスイーツ
イエロー,粉チーズ
ゴールド,タオルケット
レッド,日記帳
グリーン,名作漫画
ホワイト,フレンチトースト
イエロー,最近買った服
オレンジ,モンブランケーキ
シルバー,ランチョンマット
グレー,鶏のから揚げ
ブラック,カレーうどん
ピンク,チョレギサラダ
パープル,ひつまぶし
ブルー,掃除機
オレンジ,カツ丼
ゴールド,まぜそば
レッド,アボカド
ブラック,ポップコーン
グリーン,除湿機
ホワイト,クーポン券
イエロー,花束
パープル,切手
ピンク,ボディークリーム
シルバー,電卓
ブルー,電子レンジ
グレー,アンティークのティーカップ
パープル,アヒージョ
オレンジ,ストール
シルバー,カラーペン
グレー,タコス
ピンク,柑橘系のアロマオイル
グリーン,エコバッグ
ブルー,ばんそうこう
イエロー,ファッション誌
ゴールド,ニョッキ
レッド,フランクフルト
ブラック,エプロン
ホワイト,ブラックコーヒー
ホワイト,オリーブ
パープル,折りたたみの傘
グリーン,カマンベールチーズ
オレンジ,マスカット
レッド,ミントキャンディー
シルバー,親子丼
ゴールド,歩きやすい靴
グレー,ハート型のアクセサリー
ブルー,お刺身
ブラック,豚汁
ピンク,緑茶
イエロー,マシュマロ
レッド,うな丼
ピンク,ベストセラー小説
ブルー,焼きとうもろこし
パープル,オセロゲーム
オレンジ,有名店のケーキ
イエロー,カステラ
ブラック,コーヒーメーカー
ゴールド,外国語の辞書
シルバー,ビジネスバッグ
ホワイト,ノートパソコン
グレー,漬け物
グリーン,預金通帳
ブラック,少女漫画
イエロー,ビーチサンダル
オレンジ,映画のサントラCD
シルバー,フライドポテト
ブルー,焼き餃子
ゴールド,七味唐辛子
グリーン,デニムのショートパンツ
ホワイト,スケジュール帳
パープル,チキンステーキ
グレー,ヨーグルト
レッド,冷たいうどん
ピンク,ぬいぐるみ
グレー,革靴
オレンジ,フライドチキン
イエロー,エビグラタン
ピンク,花柄のハンカチ
グリーン,香りの強い野菜
ブラック,豚のしょうが焼き
シルバー,バニラのアイスクリーム
ブルー,スナック菓子
ホワイト,裁縫道具
パープル,フィッシュアンドチップス
ゴールド,うちわ
レッド,高級チョコレート
ゴールド,浮き輪
シルバー,ブランド物の財布
ピンク,パーティーバッグ
レッド,ボーダーの服
パープル,グレープジュース
ホワイト,プリンター
グレー,水着
オレンジ,帽子
イエロー,ヘッドフォン
ブラック,ヘアワックス
ブルー,カスタードプリン
グリーン,シーチキン
レッド,マシュマロ
グレー,アップルジュース
ブラック,イヤフォン
ピンク,ピアノ
パープル,シリアル
シルバー,スマートフォン
ブルー,電卓
ゴールド,ハンドタオル
オレンジ,バニラアイス
ホワイト,映画のチケット
イエロー,古い雑誌
グリーン,ウクレレ
ホワイト,明るい色のワンピース
イエロー,貯金箱
オレンジ,ストレートティー
パープル,ハーブティー
ピンク,バインダー
レッド,ピンキーリング
グレー,キャラクターグッズ
シルバー,チャイルドシート
ブラック,のどあめ
グリーン,コーヒーカップ
ゴールド,ウェットティッシュ
ブルー,ボードゲーム
パープル,トイレの芳香剤
ブルー,デニムのスカート
ゴールド,推理小説
ホワイト,シルクハット
グレー,ストール
ブラック,タイマー
オレンジ,古いスマホ
グリーン,アイドルのポスター
シルバー,だてメガネ
イエロー,今朝の新聞
レッド,鉛筆
ピンク,野菜ジュース
オレンジ,グレープフルーツ
グリーン,手鏡
グレー,オーディオ機器
レッド,生け花
ブラック,ハイヒール
パープル,ハンドクリーム
イエロー,オレンジジュース
ピンク,絵の具
ブルー,ショール
シルバー,フォーク
ホワイト,一眼レフカメラ
ゴールド,グルメ情報誌
ブルー,うちわ
パープル,トイレットペーパー
レッド,アップルパイ
オレンジ,ネクタイ
シルバー,レターセット
イエロー,音楽のDVD
グリーン,洗濯かご
ホワイト,革靴
ゴールド,オムレツ
ピンク,つまようじ
ブラック,ヘルスメーター
グレー,しおり
シルバー,お茶漬け
オレンジ,ショッピングバッグ
ブルー,入浴剤
ブラック,バスローブ
グレー,新しいお皿
ホワイト,コースター
ゴールド,スポーツドリンク
パープル,消臭剤
グリーン,計量カップ
イエロー,人気の小説
ピンク,アトマイザー
レッド,カップめん
グリーン,安全ピン
ホワイト,クリアファイル
パープル,ミルクティー
ブルー,ボイスレコーダー
オレンジ,接着剤
グレー,大学ノート
イエロー,サボテン
レッド,白米
ピンク,ソーセージ
ブラック,自転車のカギ
ゴールド,スクーター
シルバー,ブルーレイレコーダー
ピンク,割りばし
ゴールド,ほうき
オレンジ,ガーデニンググッズ
シルバー,金色のアクセサリー
イエロー,ドリップコーヒー
パープル,マウス
ホワイト,ファンタジー小説
ブラック,スーツケース
グレー,ヘアゴム
グリーン,押し花
レッド,ハンドメイドの小物
ブルー,トレーディングカード
グレー,画集
パープル,エコロジーグッズ
グリーン,電子レンジ
イエロー,バジル
ブラック,スピーカー
ホワイト,チューインガム
ピンク,トースター
シルバー,長財布
ゴールド,パズル
オレンジ,アロマキャンドル
ブルー,古いコイン
レッド,ハッカのお菓子
ブラック,イヤリング
レッド,フィギュア
イエロー,パセリ
ゴールド,スニーカー
ホワイト,マウスパッド
グリーン,角砂糖
グレー,双眼鏡
ピンク,楽譜
シルバー,ピーマン
ブルー,ティッシュペーパー
パープル,くるみ
オレンジ,マーボーナス
パープル,ウェットティッシュ
ブラック,熱帯魚
レッド,歯ブラシ
ホワイト,緑茶
シルバー,旅行のガイドブック
ゴールド,プチトマト
ブルー,ボールペン
オレンジ,座布団
イエロー,定期券
グレー,ブロッコリー
グリーン,地図帳
ピンク,コンパス
ピンク,住宅情報誌
シルバー,ビー玉
ブルー,ティーカップ
グレー,ぬいぐるみ
グリーン,ブローチ
オレンジ,ラベンダー
ブラック,おくら
レッド,ポテトサラダ
ホワイト,自転車
ゴールド,マッサージクリーム
イエロー,ミント風味のお菓子
パープル,マーマレード
ホワイト,柑橘系の香水
ピンク,茶碗蒸し
グリーン,ファンデーション
パープル,シャンプー
レッド,ショートブーツ
イエロー,封筒
シルバー,海外のお菓子
ゴールド,蛍光ペン
ブルー,ミニスカート
オレンジ,リップクリーム
グレー,アイドルの写真集
ブラック,プリペイドカード
パープル,鉛筆削り
ホワイト,絵葉書
ゴールド,サンダル
グレー,履きなれた靴
ピンク,ほうじ茶
グリーン,マジックテープ
イエロー,虫眼鏡
シルバー,マッシュルーム
レッド,電子手帳
ブラック,ノートパソコン
ブルー,ロールケーキ
オレンジ,梅干のおにぎり
グリーン,カレンダー
ブルー,ラジオ
ピンク,餃子
ゴールド,ホワイトボード
ブラック,クリームシチュー
グレー,電卓
パープル,明太子
ホワイト,バームクーヘン
オレンジ,切手
レッド,ワイシャツ
シルバー,フランスパン
イエロー,まんじゅう
ブルー,タイツ
グレー,マスカット
パープル,コーヒーゼリー
シルバー,こしょう
オレンジ,ペットフード
イエロー,化粧ポーチ
ピンク,リモコン
グリーン,ドレッシング
ブラック,ヘアスプレー
ホワイト,シロップ
レッド,メモリーカード
ゴールド,コンタクトレンズ
ピンク,ICカード
オレンジ,レザー素材の小物
ホワイト,ショルダーバッグ
グリーン,マッサージ機
ゴールド,ゴミ袋
ブルー,ポータブルテレビ
グレー,フルーツパフェ
イエロー,お刺身
シルバー,四つ葉のクローバー
パープル,スケッチブック
ブラック,はんこ
レッド,リボン
ゴールド,パーカー
イエロー,はちみつ
レッド,マスカラ
ピンク,ビーフカレー
グレー,古いカバン
グリーン,サイコロ
ブラック,テーブルクロス
シルバー,コーンスープ
ブルー,ベルト
オレンジ,クッキー
パープル,アクセサリーケース
ホワイト,天丼
グレー,豆乳
グリーン,ピンセット
オレンジ,目玉焼き
ホワイト,写真立て
レッド,コットン
パープル,スウェット
シルバー,マスタード
ピンク,カスタードプリン
ゴールド,ドーナッツ
ブルー,卓上カレンダー
イエロー,チョーカー
ブラック,扇子
レッド,おしぼり
ゴールド,しょうゆ
ブラック,レインコート
パープル,詩集
ブルー,花瓶
オレンジ,歯磨き粉
グレー,ゴーヤ
イエロー,シュークリーム
グリーン,鳥かご
シルバー,電話帳
ホワイト,コルクボード
ピンク,キムチ
シルバー,トイカメラ
イエロー,フレアースカート
ブルー,フライドチキン
レッド,家族からもらったもの
パープル,傘
ホワイト,リップグロス
オレンジ,カセットテープ
ブラック,手品グッズ
ピンク,ガムシロップ
グリーン,エプロン
グレー,クリップ
ゴールド,カツサンド
ブルー,スプーン
ホワイト,ペーパータオル
シルバー,ブラックライト
ブラック,豚汁
オレンジ,部屋のカギ
ゴールド,ハイヒール
イエロー,フルーツケーキ
グリーン,ウーロン茶
グレー,ヘアワックス
ピンク,お気に入りのペン
パープル,ストッキング
レッド,ショッピングカート
レッド,ヘアピン
ピンク,風景画
イエロー,爪切り
シルバー,玄米
グリーン,蛍光灯
パープル,デスクランプ
ブラック,アップルパイ
オレンジ,デジタルカメラ
ゴールド,壁掛け時計
グレー,ペンケース
ホワイト,ふりかけ
ブルー,ドラマのDVD
オレンジ,シャワーカーテン
グレー,万年筆
ゴールド,キャミソール
ピンク,バスローブ
イエロー,ティラミス
レッド,炊飯器
ホワイト,オムライス
ブルー,ヘアアイロン
シルバー,記念切手
ブラック,野菜ジュース
グリーン,腕時計
パープル,映画のパンフレット
ピンク,熱帯魚
ブルー,大福
ホワイト,扇風機
オレンジ,炭酸飲料
レッド,メモパッド
ブラック,玄関マット
シルバー,写真集
グレー,ほうじ茶ラテ
イエロー,インスタントコーヒー
パープル,納豆
ゴールド,親子丼
グリーン,紙コップ
パープル,ベーグル
ブラック,ペンライト
グレー,ローストビーフ
レッド,メガネケース
ブルー,マグネット
シルバー,古いお札
グリーン,カップケーキ
ゴールド,ボストンバッグ
ホワイト,ホワイトボード
ピンク,化粧水
オレンジ,ドライフラワー
イエロー,ペッパーソース
ブラック,ドリア
シルバー,パンプス
パープル,たけのこ
ゴールド,スポーツドリンク
グリーン,フリーペーパー
ピンク,ハンガー
レッド,バケツ
オレンジ,ミートソース
ブルー,ビジネス書
ホワイト,スマホの充電器
イエロー,岩塩
グレー,バームクーヘン
オレンジ,コッペパン
ゴールド,エプロン
イエロー,ICレコーダー
ブラック,ウェットティッシュ
ホワイト,しおり
グリーン,イヤリング
シルバー,キッシュ
パープル,アイスコーヒー
グレー,ココナッツ
レッド,キャラメル
ブルー,キーボード
ピンク,アップルグミ
